timepoint,real_LLR,gauss_pop_LLR,gauss_drift_LLR,rtm_LLR,real_L1,gauss_pop_L1,gauss_drift_L1,rtm_L1
0,0.9970694444444436,0.9970694444444436,0.9970694444444436,0.9970694444444436,0.8970694444444436,0.8970694444444436,0.8970694444444436,0.8970694444444436
1,0.565152777777778,0.984694444444442,0.9847083333333317,0.98236111111111,0.5800486111111112,0.9026527777777775,0.899972222222222,0.9044722222222217
2,0.5559027777777777,0.9862222222222197,0.9868611111111094,0.983597222222221,0.5764791666666667,0.9049999999999994,0.9010277777777771,0.9023194444444449
3,0.5889305555555561,0.9873472222222207,0.9877222222222203,0.9862916666666649,0.5863263888888888,0.9069583333333331,0.9000277777777768,0.8998263888888891
4,0.5390694444444445,0.9853055555555537,0.9867083333333315,0.9826527777777762,0.5653333333333334,0.9032083333333328,0.9040833333333322,0.9043472222222229
5,0.5583749999999998,0.9895138888888875,0.9881249999999979,0.9863472222222199,0.5797291666666665,0.9056458333333337,0.9004930555555564,0.9000555555555554
6,0.5213431372549018,,,,0.5426062091503264,,,
7,0.5177051820728288,,,,0.5335550011671337,,,
